{"precision_at_10": {"lsa": [5.57490442640276, 9.774668678431773e-06], "doc2vec": [8.30123170145214, 1.630471177750902e-08], "word2vec": [1.0769142997219816, 0.2922249458836668], "bm25": [-0.13658428250056975, 0.8924986881508904]}, "recalls_at_10": {"lsa": [4.877479040210416, 5.6720297216173384e-05], "doc2vec": [7.598999317618428, 7.74631167437815e-08], "word2vec": [0.4410965251828334, 0.6630912775214587], "bm25": [-1.3043161484214312, 0.2044964647440336]}, "fscores_at_10": {"lsa": [5.303136446860135, 1.932595939536323e-05], "doc2vec": [7.9449354842223485, 3.565623521493275e-08], "word2vec": [0.8078818660286269, 0.42709391685697107], "bm25": [-0.6110415889946208, 0.5469163094201948]}, "MAPs_at_10": {"lsa": [4.4710490466560735, 0.00015942974603099931], "doc2vec": [8.506264648307216, 1.0473388363727629e-08], "word2vec": [1.0361913036913337, 0.31044111644698946], "bm25": [-3.6793369447513293, 0.0011796614109214182]}, "nDCGs_at_10": {"lsa": [4.774410756583666, 7.369667050699474e-05], "doc2vec": [7.314019437664266, 1.485364596009278e-07], "word2vec": [1.021614360244379, 0.31715163466735097], "bm25": [-3.6950010293896782, 0.0011343892000564317]}}